{
  "(0, 6)": {
    "forecast_r2": null,
    "forecast_sample_size": null,
    "raw_gdps_r2": 0.5567256931536748,
    "raw_gdps_sample_size": 194473,
    "raw_rdps_r2": 0.5149214222845926,
    "raw_rdps_sample_size": 1163258,
    "raw_hrdps_r2": 0.5975425219858401,
    "raw_hrdps_sample_size": 1164775,
    "bias_adj_gdps_train_r2": 0.5655050935051917,
    "bias_adj_rdps_train_r2": 0.5439821414748174,
    "bias_adj_hrdps_train_r2": 0.6048825341832895,
    "bias_adj_gdps_test_r2": 0.5706141586193931,
    "bias_adj_rdps_test_r2": 0.5437582849881468,
    "bias_adj_hrdps_test_r2": 0.6013842168930122
  },
  "(6, 24)": {
    "forecast_r2": null,
    "forecast_sample_size": null,
    "raw_gdps_r2": 0.5396892027139035,
    "raw_gdps_sample_size": 681079,
    "raw_rdps_r2": 0.4900524448135348,
    "raw_rdps_sample_size": 3489551,
    "raw_hrdps_r2": 0.5590717518248307,
    "raw_hrdps_sample_size": 3494919,
    "bias_adj_gdps_train_r2": 0.5540126840210062,
    "bias_adj_rdps_train_r2": 0.5263549027675687,
    "bias_adj_hrdps_train_r2": 0.5706218232314123,
    "bias_adj_gdps_test_r2": 0.5558137604954334,
    "bias_adj_rdps_test_r2": 0.5265323089241248,
    "bias_adj_hrdps_test_r2": 0.5707173370929854
  },
  "(24, 48)": {
    "forecast_r2": null,
    "forecast_sample_size": null,
    "raw_gdps_r2": 0.5106907888629626,
    "raw_gdps_sample_size": 869733,
    "raw_rdps_r2": 0.46809785733535436,
    "raw_rdps_sample_size": 4625780,
    "raw_hrdps_r2": 0.5356214097985444,
    "raw_hrdps_sample_size": 4631530,
    "bias_adj_gdps_train_r2": 0.5311470822528326,
    "bias_adj_rdps_train_r2": 0.5089564849667043,
    "bias_adj_hrdps_train_r2": 0.5502474622428891,
    "bias_adj_gdps_test_r2": 0.5291196134198499,
    "bias_adj_rdps_test_r2": 0.5089842027804161,
    "bias_adj_hrdps_test_r2": 0.5504777234940292
  },
  "(48, 72)": {
    "forecast_r2": null,
    "forecast_sample_size": null,
    "raw_gdps_r2": 0.4748990841522205,
    "raw_gdps_sample_size": 861641,
    "raw_rdps_r2": 0.4361171733494228,
    "raw_rdps_sample_size": 4583225,
    "raw_hrdps_r2": 0.5274488700218154,
    "raw_hrdps_sample_size": 191570,
    "bias_adj_gdps_train_r2": 0.5024081673193665,
    "bias_adj_rdps_train_r2": 0.48344133195243155,
    "bias_adj_hrdps_train_r2": 0.5429926950180695,
    "bias_adj_gdps_test_r2": 0.5001912221811606,
    "bias_adj_rdps_test_r2": 0.48319047432496776,
    "bias_adj_hrdps_test_r2": 0.5408007870443401
  },
  "(72, 96)": {
    "forecast_r2": null,
    "forecast_sample_size": null,
    "raw_gdps_r2": 0.4280572223455239,
    "raw_gdps_sample_size": 856278,
    "raw_rdps_r2": 0.4021678398360129,
    "raw_rdps_sample_size": 2469166,
    "raw_hrdps_r2": null,
    "raw_hrdps_sample_size": 0,
    "bias_adj_gdps_train_r2": 0.4637138620252611,
    "bias_adj_rdps_train_r2": 0.45727971373847753,
    "bias_adj_hrdps_train_r2": null,
    "bias_adj_gdps_test_r2": 0.465549472294016,
    "bias_adj_rdps_test_r2": 0.4559872169400535,
    "bias_adj_hrdps_test_r2": null
  },
  "(96, 120)": {
    "forecast_r2": null,
    "forecast_sample_size": null,
    "raw_gdps_r2": 0.37087621126121395,
    "raw_gdps_sample_size": 852131,
    "raw_rdps_r2": null,
    "raw_rdps_sample_size": 0,
    "raw_hrdps_r2": null,
    "raw_hrdps_sample_size": 0,
    "bias_adj_gdps_train_r2": 0.4219438222373463,
    "bias_adj_rdps_train_r2": null,
    "bias_adj_hrdps_train_r2": null,
    "bias_adj_gdps_test_r2": 0.42005757757657614,
    "bias_adj_rdps_test_r2": null,
    "bias_adj_hrdps_test_r2": null
  },
  "(120, 144)": {
    "forecast_r2": null,
    "forecast_sample_size": null,
    "raw_gdps_r2": 0.3101009046448666,
    "raw_gdps_sample_size": 848181,
    "raw_rdps_r2": null,
    "raw_rdps_sample_size": 0,
    "raw_hrdps_r2": null,
    "raw_hrdps_sample_size": 0,
    "bias_adj_gdps_train_r2": 0.37604335890409557,
    "bias_adj_rdps_train_r2": null,
    "bias_adj_hrdps_train_r2": null,
    "bias_adj_gdps_test_r2": 0.3768879971014346,
    "bias_adj_rdps_test_r2": null,
    "bias_adj_hrdps_test_r2": null
  },
  "(144, 168)": {
    "forecast_r2": null,
    "forecast_sample_size": null,
    "raw_gdps_r2": 0.23852815976901398,
    "raw_gdps_sample_size": 844179,
    "raw_rdps_r2": null,
    "raw_rdps_sample_size": 0,
    "raw_hrdps_r2": null,
    "raw_hrdps_sample_size": 0,
    "bias_adj_gdps_train_r2": 0.3247959727703189,
    "bias_adj_rdps_train_r2": null,
    "bias_adj_hrdps_train_r2": null,
    "bias_adj_gdps_test_r2": 0.3260123444713263,
    "bias_adj_rdps_test_r2": null,
    "bias_adj_hrdps_test_r2": null
  },
  "(168, 192)": {
    "forecast_r2": null,
    "forecast_sample_size": null,
    "raw_gdps_r2": 0.20353661653424804,
    "raw_gdps_sample_size": 840173,
    "raw_rdps_r2": null,
    "raw_rdps_sample_size": 0,
    "raw_hrdps_r2": null,
    "raw_hrdps_sample_size": 0,
    "bias_adj_gdps_train_r2": 0.3022738794415224,
    "bias_adj_rdps_train_r2": null,
    "bias_adj_hrdps_train_r2": null,
    "bias_adj_gdps_test_r2": 0.29931596759378987,
    "bias_adj_rdps_test_r2": null,
    "bias_adj_hrdps_test_r2": null
  },
  "(192, 216)": {
    "forecast_r2": null,
    "forecast_sample_size": null,
    "raw_gdps_r2": 0.1572178838716758,
    "raw_gdps_sample_size": 836215,
    "raw_rdps_r2": null,
    "raw_rdps_sample_size": 0,
    "raw_hrdps_r2": null,
    "raw_hrdps_sample_size": 0,
    "bias_adj_gdps_train_r2": 0.27478813913350664,
    "bias_adj_rdps_train_r2": null,
    "bias_adj_hrdps_train_r2": null,
    "bias_adj_gdps_test_r2": 0.2762154791680139,
    "bias_adj_rdps_test_r2": null,
    "bias_adj_hrdps_test_r2": null
  },
  "(216, 240)": {
    "forecast_r2": null,
    "forecast_sample_size": null,
    "raw_gdps_r2": 0.10845947607074136,
    "raw_gdps_sample_size": 832343,
    "raw_rdps_r2": null,
    "raw_rdps_sample_size": 0,
    "raw_hrdps_r2": null,
    "raw_hrdps_sample_size": 0,
    "bias_adj_gdps_train_r2": 0.24732019187529997,
    "bias_adj_rdps_train_r2": null,
    "bias_adj_hrdps_train_r2": null,
    "bias_adj_gdps_test_r2": 0.2473279185669649,
    "bias_adj_rdps_test_r2": null,
    "bias_adj_hrdps_test_r2": null
  }
}
