{
  "(0, 6)": {
    "forecast_r2": null,
    "forecast_sample_size": null,
    "raw_gdps_r2": 0.8004099144119062,
    "raw_gdps_sample_size": 193123,
    "raw_rdps_r2": 0.005934204306254354,
    "raw_rdps_sample_size": 1155157,
    "raw_hrdps_r2": 0.0069288772586364455,
    "raw_hrdps_sample_size": 1156662,
    "bias_adj_gdps_train_r2": 0.8356770755767045,
    "bias_adj_rdps_train_r2": 0.8000135128658024,
    "bias_adj_hrdps_train_r2": 0.005256779286526125,
    "bias_adj_gdps_test_r2": 0.8310081420975982,
    "bias_adj_rdps_test_r2": 0.0016191714350182185,
    "bias_adj_hrdps_test_r2": 0.8850476857036323
  },
  "(6, 24)": {
    "forecast_r2": null,
    "forecast_sample_size": null,
    "raw_gdps_r2": 0.0018301266371842928,
    "raw_gdps_sample_size": 676341,
    "raw_rdps_r2": 0.005892415709919496,
    "raw_rdps_sample_size": 3465250,
    "raw_hrdps_r2": 0.006817211339483764,
    "raw_hrdps_sample_size": 3470572,
    "bias_adj_gdps_train_r2": 0.8176713991768988,
    "bias_adj_rdps_train_r2": 0.00706246603596139,
    "bias_adj_hrdps_train_r2": 0.007712167061083575,
    "bias_adj_gdps_test_r2": 0.0005187380098007344,
    "bias_adj_rdps_test_r2": 0.004711927781397507,
    "bias_adj_hrdps_test_r2": 0.005166155585440868
  },
  "(24, 48)": {
    "forecast_r2": null,
    "forecast_sample_size": null,
    "raw_gdps_r2": 0.002349454451660793,
    "raw_gdps_sample_size": 863683,
    "raw_rdps_r2": 0.005843095289569278,
    "raw_rdps_sample_size": 4593554,
    "raw_hrdps_r2": 0.0067008119143010525,
    "raw_hrdps_sample_size": 4599254,
    "bias_adj_gdps_train_r2": 0.0019077014856974106,
    "bias_adj_rdps_train_r2": 0.006224998552797789,
    "bias_adj_hrdps_train_r2": 0.010111999652985815,
    "bias_adj_gdps_test_r2": 0.8096780641198394,
    "bias_adj_rdps_test_r2": 0.0062424123129908304,
    "bias_adj_hrdps_test_r2": 0.003383430806061072
  },
  "(48, 72)": {
    "forecast_r2": null,
    "forecast_sample_size": null,
    "raw_gdps_r2": 0.0023104709800857437,
    "raw_gdps_sample_size": 855648,
    "raw_rdps_r2": 0.007643304293418418,
    "raw_rdps_sample_size": 4551293,
    "raw_hrdps_r2": 0.8502579976674646,
    "raw_hrdps_sample_size": 190239,
    "bias_adj_gdps_train_r2": 0.8069911512172848,
    "bias_adj_rdps_train_r2": 0.00914280384652666,
    "bias_adj_hrdps_train_r2": 0.8556901361169797,
    "bias_adj_gdps_test_r2": 0.0006536929397162883,
    "bias_adj_rdps_test_r2": 0.006128701428654404,
    "bias_adj_hrdps_test_r2": 0.8592804600593864
  },
  "(72, 96)": {
    "forecast_r2": null,
    "forecast_sample_size": null,
    "raw_gdps_r2": 0.0022373537279807287,
    "raw_gdps_sample_size": 850318,
    "raw_rdps_r2": 0.006129284180496297,
    "raw_rdps_sample_size": 2451964,
    "raw_hrdps_r2": null,
    "raw_hrdps_sample_size": 0,
    "bias_adj_gdps_train_r2": 0.0018149395187083694,
    "bias_adj_rdps_train_r2": 0.004936141382559156,
    "bias_adj_hrdps_train_r2": null,
    "bias_adj_gdps_test_r2": 0.7925586753818424,
    "bias_adj_rdps_test_r2": 0.7776794297589519,
    "bias_adj_hrdps_test_r2": null
  },
  "(96, 120)": {
    "forecast_r2": null,
    "forecast_sample_size": null,
    "raw_gdps_r2": 0.0021829888164215383,
    "raw_gdps_sample_size": 846186,
    "raw_rdps_r2": null,
    "raw_rdps_sample_size": 0,
    "raw_hrdps_r2": null,
    "raw_hrdps_sample_size": 0,
    "bias_adj_gdps_train_r2": 0.7811195841730758,
    "bias_adj_rdps_train_r2": null,
    "bias_adj_hrdps_train_r2": null,
    "bias_adj_gdps_test_r2": 0.0006054103326587068,
    "bias_adj_rdps_test_r2": null,
    "bias_adj_hrdps_test_r2": null
  },
  "(120, 144)": {
    "forecast_r2": null,
    "forecast_sample_size": null,
    "raw_gdps_r2": 0.0020724626205879115,
    "raw_gdps_sample_size": 842250,
    "raw_rdps_r2": null,
    "raw_rdps_sample_size": 0,
    "raw_hrdps_r2": null,
    "raw_hrdps_sample_size": 0,
    "bias_adj_gdps_train_r2": 0.0016948593320416094,
    "bias_adj_rdps_train_r2": null,
    "bias_adj_hrdps_train_r2": null,
    "bias_adj_gdps_test_r2": 0.7539549711470062,
    "bias_adj_rdps_test_r2": null,
    "bias_adj_hrdps_test_r2": null
  },
  "(144, 168)": {
    "forecast_r2": null,
    "forecast_sample_size": null,
    "raw_gdps_r2": 0.0019115026507317001,
    "raw_gdps_sample_size": 838266,
    "raw_rdps_r2": null,
    "raw_rdps_sample_size": 0,
    "raw_hrdps_r2": null,
    "raw_hrdps_sample_size": 0,
    "bias_adj_gdps_train_r2": 0.001558504325976151,
    "bias_adj_rdps_train_r2": null,
    "bias_adj_hrdps_train_r2": null,
    "bias_adj_gdps_test_r2": 0.7252485918565449,
    "bias_adj_rdps_test_r2": null,
    "bias_adj_hrdps_test_r2": null
  },
  "(168, 192)": {
    "forecast_r2": null,
    "forecast_sample_size": null,
    "raw_gdps_r2": 0.0018484377185888912,
    "raw_gdps_sample_size": 834278,
    "raw_rdps_r2": null,
    "raw_rdps_sample_size": 0,
    "raw_hrdps_r2": null,
    "raw_hrdps_sample_size": 0,
    "bias_adj_gdps_train_r2": 0.0015143204379086672,
    "bias_adj_rdps_train_r2": null,
    "bias_adj_hrdps_train_r2": null,
    "bias_adj_gdps_test_r2": 0.6937539885855812,
    "bias_adj_rdps_test_r2": null,
    "bias_adj_hrdps_test_r2": null
  },
  "(192, 216)": {
    "forecast_r2": null,
    "forecast_sample_size": null,
    "raw_gdps_r2": 0.0017135739959642793,
    "raw_gdps_sample_size": 830337,
    "raw_rdps_r2": null,
    "raw_rdps_sample_size": 0,
    "raw_hrdps_r2": null,
    "raw_hrdps_sample_size": 0,
    "bias_adj_gdps_train_r2": 0.0028095750253286367,
    "bias_adj_rdps_train_r2": null,
    "bias_adj_hrdps_train_r2": null,
    "bias_adj_gdps_test_r2": 0.000940877079481095,
    "bias_adj_rdps_test_r2": null,
    "bias_adj_hrdps_test_r2": null
  },
  "(216, 240)": {
    "forecast_r2": null,
    "forecast_sample_size": null,
    "raw_gdps_r2": 0.0015429831169128105,
    "raw_gdps_sample_size": 826482,
    "raw_rdps_r2": null,
    "raw_rdps_sample_size": 0,
    "raw_hrdps_r2": null,
    "raw_hrdps_sample_size": 0,
    "bias_adj_gdps_train_r2": 0.0012925337897840006,
    "bias_adj_rdps_train_r2": null,
    "bias_adj_hrdps_train_r2": null,
    "bias_adj_gdps_test_r2": 0.6198691176888864,
    "bias_adj_rdps_test_r2": null,
    "bias_adj_hrdps_test_r2": null
  }
}
