{
  "(0, 6)": {
    "forecast_r2": null,
    "forecast_sample_size": null,
    "raw_gdps_r2": -0.9887049096688525,
    "raw_gdps_sample_size": 193573,
    "raw_rdps_r2": -1.0529653115047939,
    "raw_rdps_sample_size": 1157835,
    "raw_hrdps_r2": -0.9047614291683082,
    "raw_hrdps_sample_size": 1159345,
    "bias_adj_gdps_train_r2": 0.18286973317411015,
    "bias_adj_rdps_train_r2": 0.17050664570036633,
    "bias_adj_hrdps_train_r2": 0.27251672470061616,
    "bias_adj_gdps_test_r2": 0.1871547882806729,
    "bias_adj_rdps_test_r2": 0.17288164825233032,
    "bias_adj_hrdps_test_r2": 0.2707296143814477
  },
  "(6, 24)": {
    "forecast_r2": null,
    "forecast_sample_size": null,
    "raw_gdps_r2": -1.254956349397521,
    "raw_gdps_sample_size": 677945,
    "raw_rdps_r2": -1.062851387029089,
    "raw_rdps_sample_size": 3473288,
    "raw_hrdps_r2": -0.9146502669365792,
    "raw_hrdps_sample_size": 3478624,
    "bias_adj_gdps_train_r2": 0.18441718239075333,
    "bias_adj_rdps_train_r2": 0.1684937090326244,
    "bias_adj_hrdps_train_r2": 0.2634516905369274,
    "bias_adj_gdps_test_r2": 0.18918799426440325,
    "bias_adj_rdps_test_r2": 0.1684313331796945,
    "bias_adj_hrdps_test_r2": 0.2610773093670614
  },
  "(24, 48)": {
    "forecast_r2": null,
    "forecast_sample_size": null,
    "raw_gdps_r2": -1.1938200867080848,
    "raw_gdps_sample_size": 865730,
    "raw_rdps_r2": -1.0681988567281158,
    "raw_rdps_sample_size": 4604236,
    "raw_hrdps_r2": -0.9152492156299448,
    "raw_hrdps_sample_size": 4609962,
    "bias_adj_gdps_train_r2": 0.17644996567038929,
    "bias_adj_rdps_train_r2": 0.15982330205598994,
    "bias_adj_hrdps_train_r2": 0.24808461618462863,
    "bias_adj_gdps_test_r2": 0.17625216631533813,
    "bias_adj_rdps_test_r2": 0.15873771183391638,
    "bias_adj_hrdps_test_r2": 0.24880501195905047
  },
  "(48, 72)": {
    "forecast_r2": null,
    "forecast_sample_size": null,
    "raw_gdps_r2": -1.207750559356493,
    "raw_gdps_sample_size": 857684,
    "raw_rdps_r2": -1.078772014139627,
    "raw_rdps_sample_size": 4561938,
    "raw_hrdps_r2": -0.9585758569913378,
    "raw_hrdps_sample_size": 190666,
    "bias_adj_gdps_train_r2": 0.16290742052425577,
    "bias_adj_rdps_train_r2": 0.14567445207064944,
    "bias_adj_hrdps_train_r2": 0.23932802819166088,
    "bias_adj_gdps_test_r2": 0.16377974326994593,
    "bias_adj_rdps_test_r2": 0.14748616963039962,
    "bias_adj_hrdps_test_r2": 0.23408526897686
  },
  "(72, 96)": {
    "forecast_r2": null,
    "forecast_sample_size": null,
    "raw_gdps_r2": -1.2242915858697643,
    "raw_gdps_sample_size": 852350,
    "raw_rdps_r2": -1.0937021641909772,
    "raw_rdps_sample_size": 2457698,
    "raw_hrdps_r2": null,
    "raw_hrdps_sample_size": 0,
    "bias_adj_gdps_train_r2": 0.14204382237859492,
    "bias_adj_rdps_train_r2": 0.13258404806664525,
    "bias_adj_hrdps_train_r2": null,
    "bias_adj_gdps_test_r2": 0.14123099831485653,
    "bias_adj_rdps_test_r2": 0.13195486116248145,
    "bias_adj_hrdps_test_r2": null
  },
  "(96, 120)": {
    "forecast_r2": null,
    "forecast_sample_size": null,
    "raw_gdps_r2": -1.2402429462257807,
    "raw_gdps_sample_size": 848215,
    "raw_rdps_r2": null,
    "raw_rdps_sample_size": 0,
    "raw_hrdps_r2": null,
    "raw_hrdps_sample_size": 0,
    "bias_adj_gdps_train_r2": 0.11850530682462701,
    "bias_adj_rdps_train_r2": null,
    "bias_adj_hrdps_train_r2": null,
    "bias_adj_gdps_test_r2": 0.11617186353370401,
    "bias_adj_rdps_test_r2": null,
    "bias_adj_hrdps_test_r2": null
  },
  "(120, 144)": {
    "forecast_r2": null,
    "forecast_sample_size": null,
    "raw_gdps_r2": -1.2547932250374303,
    "raw_gdps_sample_size": 844278,
    "raw_rdps_r2": null,
    "raw_rdps_sample_size": 0,
    "raw_hrdps_r2": null,
    "raw_hrdps_sample_size": 0,
    "bias_adj_gdps_train_r2": 0.09769491649058559,
    "bias_adj_rdps_train_r2": null,
    "bias_adj_hrdps_train_r2": null,
    "bias_adj_gdps_test_r2": 0.09775872614306891,
    "bias_adj_rdps_test_r2": null,
    "bias_adj_hrdps_test_r2": null
  },
  "(144, 168)": {
    "forecast_r2": null,
    "forecast_sample_size": null,
    "raw_gdps_r2": -1.2674664997048044,
    "raw_gdps_sample_size": 840294,
    "raw_rdps_r2": null,
    "raw_rdps_sample_size": 0,
    "raw_hrdps_r2": null,
    "raw_hrdps_sample_size": 0,
    "bias_adj_gdps_train_r2": 0.07770287057032099,
    "bias_adj_rdps_train_r2": null,
    "bias_adj_hrdps_train_r2": null,
    "bias_adj_gdps_test_r2": 0.0798896324622399,
    "bias_adj_rdps_test_r2": null,
    "bias_adj_hrdps_test_r2": null
  },
  "(168, 192)": {
    "forecast_r2": null,
    "forecast_sample_size": null,
    "raw_gdps_r2": -1.2872159537912014,
    "raw_gdps_sample_size": 836308,
    "raw_rdps_r2": null,
    "raw_rdps_sample_size": 0,
    "raw_hrdps_r2": null,
    "raw_hrdps_sample_size": 0,
    "bias_adj_gdps_train_r2": 0.06235763958481566,
    "bias_adj_rdps_train_r2": null,
    "bias_adj_hrdps_train_r2": null,
    "bias_adj_gdps_test_r2": 0.062498607442926235,
    "bias_adj_rdps_test_r2": null,
    "bias_adj_hrdps_test_r2": null
  },
  "(192, 216)": {
    "forecast_r2": null,
    "forecast_sample_size": null,
    "raw_gdps_r2": -1.2878302960639387,
    "raw_gdps_sample_size": 832375,
    "raw_rdps_r2": null,
    "raw_rdps_sample_size": 0,
    "raw_hrdps_r2": null,
    "raw_hrdps_sample_size": 0,
    "bias_adj_gdps_train_r2": 0.05438864988577086,
    "bias_adj_rdps_train_r2": null,
    "bias_adj_hrdps_train_r2": null,
    "bias_adj_gdps_test_r2": 0.05289404738145542,
    "bias_adj_rdps_test_r2": null,
    "bias_adj_hrdps_test_r2": null
  },
  "(216, 240)": {
    "forecast_r2": null,
    "forecast_sample_size": null,
    "raw_gdps_r2": -1.2862068365550958,
    "raw_gdps_sample_size": 828522,
    "raw_rdps_r2": null,
    "raw_rdps_sample_size": 0,
    "raw_hrdps_r2": null,
    "raw_hrdps_sample_size": 0,
    "bias_adj_gdps_train_r2": 0.04985490944541782,
    "bias_adj_rdps_train_r2": null,
    "bias_adj_hrdps_train_r2": null,
    "bias_adj_gdps_test_r2": 0.05010848216738384,
    "bias_adj_rdps_test_r2": null,
    "bias_adj_hrdps_test_r2": null
  }
}
