{
  "(0, 6)": {
    "forecast_r2": null,
    "forecast_sample_size": null,
    "raw_gdps_r2": -0.4134225700705767,
    "raw_gdps_sample_size": 193573,
    "raw_rdps_r2": -0.4749755382914047,
    "raw_rdps_sample_size": 1157835,
    "raw_hrdps_r2": -0.456056839009235,
    "raw_hrdps_sample_size": 1159345,
    "bias_adj_gdps_train_r2": 0.05183446463228647,
    "bias_adj_rdps_train_r2": 0.04933296637444451,
    "bias_adj_hrdps_train_r2": 0.05399286102469636,
    "bias_adj_gdps_test_r2": 0.04858364026908246,
    "bias_adj_rdps_test_r2": 0.04848029933288778,
    "bias_adj_hrdps_test_r2": 0.05581546263712245
  },
  "(6, 24)": {
    "forecast_r2": null,
    "forecast_sample_size": null,
    "raw_gdps_r2": -0.4186326487330412,
    "raw_gdps_sample_size": 677945,
    "raw_rdps_r2": -0.4648910375712483,
    "raw_rdps_sample_size": 3473288,
    "raw_hrdps_r2": -0.44967751400840816,
    "raw_hrdps_sample_size": 3478624,
    "bias_adj_gdps_train_r2": 0.05763490796505144,
    "bias_adj_rdps_train_r2": 0.05042761681832875,
    "bias_adj_hrdps_train_r2": 0.05379274508077059,
    "bias_adj_gdps_test_r2": 0.05827591486016759,
    "bias_adj_rdps_test_r2": 0.05081164927376036,
    "bias_adj_hrdps_test_r2": 0.053405932165991765
  },
  "(24, 48)": {
    "forecast_r2": null,
    "forecast_sample_size": null,
    "raw_gdps_r2": -0.43714442165993916,
    "raw_gdps_sample_size": 865730,
    "raw_rdps_r2": -0.4807531688304336,
    "raw_rdps_sample_size": 4604236,
    "raw_hrdps_r2": -0.4608834701402449,
    "raw_hrdps_sample_size": 4609962,
    "bias_adj_gdps_train_r2": 0.052348764805878245,
    "bias_adj_rdps_train_r2": 0.04777004149887998,
    "bias_adj_hrdps_train_r2": 0.050685697744740965,
    "bias_adj_gdps_test_r2": 0.05498752428387432,
    "bias_adj_rdps_test_r2": 0.047480711222535166,
    "bias_adj_hrdps_test_r2": 0.05115481256077781
  },
  "(48, 72)": {
    "forecast_r2": null,
    "forecast_sample_size": null,
    "raw_gdps_r2": -0.45979270537091255,
    "raw_gdps_sample_size": 857684,
    "raw_rdps_r2": -0.4998477097892604,
    "raw_rdps_sample_size": 4561938,
    "raw_hrdps_r2": -0.45946091981370096,
    "raw_hrdps_sample_size": 190666,
    "bias_adj_gdps_train_r2": 0.048336328024784825,
    "bias_adj_rdps_train_r2": 0.04428201046037272,
    "bias_adj_hrdps_train_r2": 0.0502900580599176,
    "bias_adj_gdps_test_r2": 0.04922280190958128,
    "bias_adj_rdps_test_r2": 0.043568547736534846,
    "bias_adj_hrdps_test_r2": 0.051930986483682884
  },
  "(72, 96)": {
    "forecast_r2": null,
    "forecast_sample_size": null,
    "raw_gdps_r2": -0.48534245999813996,
    "raw_gdps_sample_size": 852350,
    "raw_rdps_r2": -0.5154657150439219,
    "raw_rdps_sample_size": 2457698,
    "raw_hrdps_r2": null,
    "raw_hrdps_sample_size": 0,
    "bias_adj_gdps_train_r2": 0.04284553783563372,
    "bias_adj_rdps_train_r2": 0.04006694687771872,
    "bias_adj_hrdps_train_r2": null,
    "bias_adj_gdps_test_r2": 0.041122811093285194,
    "bias_adj_rdps_test_r2": 0.041330145561883636,
    "bias_adj_hrdps_test_r2": null
  },
  "(96, 120)": {
    "forecast_r2": null,
    "forecast_sample_size": null,
    "raw_gdps_r2": -0.5092242404589553,
    "raw_gdps_sample_size": 848215,
    "raw_rdps_r2": null,
    "raw_rdps_sample_size": 0,
    "raw_hrdps_r2": null,
    "raw_hrdps_sample_size": 0,
    "bias_adj_gdps_train_r2": 0.03771766251333031,
    "bias_adj_rdps_train_r2": null,
    "bias_adj_hrdps_train_r2": null,
    "bias_adj_gdps_test_r2": 0.03743624439622151,
    "bias_adj_rdps_test_r2": null,
    "bias_adj_hrdps_test_r2": null
  },
  "(120, 144)": {
    "forecast_r2": null,
    "forecast_sample_size": null,
    "raw_gdps_r2": -0.5599539656003074,
    "raw_gdps_sample_size": 844278,
    "raw_rdps_r2": null,
    "raw_rdps_sample_size": 0,
    "raw_hrdps_r2": null,
    "raw_hrdps_sample_size": 0,
    "bias_adj_gdps_train_r2": 0.030351561112748282,
    "bias_adj_rdps_train_r2": null,
    "bias_adj_hrdps_train_r2": null,
    "bias_adj_gdps_test_r2": 0.029123680515371952,
    "bias_adj_rdps_test_r2": null,
    "bias_adj_hrdps_test_r2": null
  },
  "(144, 168)": {
    "forecast_r2": null,
    "forecast_sample_size": null,
    "raw_gdps_r2": -0.6072260089460337,
    "raw_gdps_sample_size": 840294,
    "raw_rdps_r2": null,
    "raw_rdps_sample_size": 0,
    "raw_hrdps_r2": null,
    "raw_hrdps_sample_size": 0,
    "bias_adj_gdps_train_r2": 0.022073442060018378,
    "bias_adj_rdps_train_r2": null,
    "bias_adj_hrdps_train_r2": null,
    "bias_adj_gdps_test_r2": 0.02219924804558837,
    "bias_adj_rdps_test_r2": null,
    "bias_adj_hrdps_test_r2": null
  },
  "(168, 192)": {
    "forecast_r2": null,
    "forecast_sample_size": null,
    "raw_gdps_r2": -0.6370119050208258,
    "raw_gdps_sample_size": 836308,
    "raw_rdps_r2": null,
    "raw_rdps_sample_size": 0,
    "raw_hrdps_r2": null,
    "raw_hrdps_sample_size": 0,
    "bias_adj_gdps_train_r2": 0.018199033480956972,
    "bias_adj_rdps_train_r2": null,
    "bias_adj_hrdps_train_r2": null,
    "bias_adj_gdps_test_r2": 0.018732744077253782,
    "bias_adj_rdps_test_r2": null,
    "bias_adj_hrdps_test_r2": null
  },
  "(192, 216)": {
    "forecast_r2": null,
    "forecast_sample_size": null,
    "raw_gdps_r2": -0.6456682818782529,
    "raw_gdps_sample_size": 832375,
    "raw_rdps_r2": null,
    "raw_rdps_sample_size": 0,
    "raw_hrdps_r2": null,
    "raw_hrdps_sample_size": 0,
    "bias_adj_gdps_train_r2": 0.01513714757720952,
    "bias_adj_rdps_train_r2": null,
    "bias_adj_hrdps_train_r2": null,
    "bias_adj_gdps_test_r2": 0.01418644155108495,
    "bias_adj_rdps_test_r2": null,
    "bias_adj_hrdps_test_r2": null
  },
  "(216, 240)": {
    "forecast_r2": null,
    "forecast_sample_size": null,
    "raw_gdps_r2": -0.631956003709294,
    "raw_gdps_sample_size": 828522,
    "raw_rdps_r2": null,
    "raw_rdps_sample_size": 0,
    "raw_hrdps_r2": null,
    "raw_hrdps_sample_size": 0,
    "bias_adj_gdps_train_r2": 0.012633525348821784,
    "bias_adj_rdps_train_r2": null,
    "bias_adj_hrdps_train_r2": null,
    "bias_adj_gdps_test_r2": 0.01250112480969967,
    "bias_adj_rdps_test_r2": null,
    "bias_adj_hrdps_test_r2": null
  }
}
